sales and marketing,5920
agriculture and farming,440
consumer goods,1200
manufacturing,2911
artificial intelligence,1851
natural resources,1291
financial services,5881
advertising,3120
mobile,9499
music and audio,1228
commerce and shopping,8118
sustainability,2159
government and military,477
navigation and mapping,827
transportation,2817
design,2843
biotechnology,5350
real estate,2141
events,1067
software,24028
administrative services,612
apps,4064
education,2783
media and entertainment,10566
clothing and apparel,1225
hardware,9349
content and publishing,3099
lending and investments,1337
energy,2280
messaging and telecommunications,1552
platforms,1152
travel and tourism,2168
gaming,1593
internet services,14694
information technology,9121
payments,1510
data and analytics,7135
science and engineering,8285
consumer electronics,3134
professional services,2032
community and lifestyle,2208
privacy and security,2355
health care,10325
video,2340
sports,1793
food and beverage,1756
